<?xml version="1.0" encoding="UTF-8"?>
<!DOCTYPE suite SYSTEM "https://testng.org/testng-1.0.dtd">
<suite name="simple testng">

	<parameter name="label" value="EUROBET" />
	<parameter name="environment" value="STAGE" />
	<parameter name="generatemongoreport" value="yes" />
	<parameter name="jenkinsRemoteToken"
		value="ColumbusVegas_Eurobet_Stage_Batch1" />
	<parameter name="jenkinsJobName"
		value="ColumbusVegas_Eurobet_Stage_Batch1" />
	<parameter name="browser" value="chrome" />
	<parameter name="exitonfail" value="no" />
	<parameter name="package" value="selenium" />
	<parameter name="resource"
		value="src/main/resources/excel.xlsx" />
		
		
	<listeners>
		<listener class-name="listeners.TestNGListeners"></listener>
	</listeners>


	<!-- ################################################################################# -->
	<!-- Author : Sowdamini. Ampolu -->
	<!-- ################################################################################# -->

	<test name="Test Chrome Launch with Framework">
		<parameter name="iterationstorun" value="1" />
		<classes>
			<class name="utils.ExcelDataProvider" />
		</classes>
	</test>



	<!-- <test name="Galline in Egypt">
		<parameter name="iterationstorun" value="1-13" />
		<classes>
			<class name="utils.ExcelDataProvider" />
		</classes>

	</test>
 -->


</suite>