<project xmlns="http://maven.apache.org/POM/4.0.0"
	xmlns:xsi="http://www.w3.org/2001/XMLSchema-instance"
	xsi:schemaLocation="http://maven.apache.org/POM/4.0.0 http://maven.apache.org/xsd/maven-4.0.0.xsd">
	<modelVersion>4.0.0</modelVersion>

	<groupId>ivyprojects</groupId>
	<artifactId>test</artifactId>
	<version>0.0.1-SNAPSHOT</version>
	<packaging>jar</packaging>

	<name>test</name>
	<url>http://maven.apache.org</url>

	<properties>
		<project.build.sourceEncoding>UTF-8</project.build.sourceEncoding>

		<maven.compiler.target>1.8</maven.compiler.target>
		<maven.compiler.source>1.8</maven.compiler.source>
	</properties>

	<build>
		<plugins>
			<plugin>
				<groupId>org.apache.maven.plugins</groupId>
				<artifactId>maven-surefire-plugin</artifactId>
				<version>3.0.0-M5</version>
				<configuration>
					<suiteXmlFiles>
						<suiteXmlFile>RestAssuredTestNG.xml</suiteXmlFile>
					</suiteXmlFiles>
				</configuration>
			</plugin>
		</plugins>
	</build>

	<dependencies>
		<!-- https://mvnrepository.com/artifact/io.github.bonigarcia/webdrivermanager -->
		<dependency>
			<groupId>io.github.bonigarcia</groupId>
			<artifactId>webdrivermanager</artifactId>
			<version>4.4.3</version>
		</dependency>
		<!-- https://mvnrepository.com/artifact/com.aventstack/extentreports -->
		<dependency>
			<groupId>com.aventstack</groupId>
			<artifactId>extentreports</artifactId>
			<version>5.0.8</version>
		</dependency>
		<!-- https://mvnrepository.com/artifact/org.testng/testng -->
		<dependency>
			<groupId>org.testng</groupId>
			<artifactId>testng</artifactId>
			<version>7.4.0</version>
			<scope>compile</scope>
		</dependency>
		<!-- https://mvnrepository.com/artifact/org.seleniumhq.selenium/selenium-java -->
		<dependency>
			<groupId>org.seleniumhq.selenium</groupId>
			<artifactId>selenium-java</artifactId>
			<version>3.141.59</version>
		</dependency>
		<!-- https://mvnrepository.com/artifact/com.sikulix/sikulixapi -->
		<dependency>
			<groupId>com.sikulix</groupId>
			<artifactId>sikulixapi</artifactId>
			<version>2.0.5</version>
		</dependency>
		<!-- https://mvnrepository.com/artifact/io.rest-assured/json-schema-validator -->
		<dependency>
			<groupId>io.rest-assured</groupId>
			<artifactId>json-schema-validator</artifactId>
			<version>4.4.0</version>
		</dependency>
		<!-- https://mvnrepository.com/artifact/io.rest-assured/json-path -->
		<dependency>
			<groupId>io.rest-assured</groupId>
			<artifactId>json-path</artifactId>
			<version>4.4.0</version>
		</dependency>
		<!-- https://mvnrepository.com/artifact/io.rest-assured/xml-path -->
		<dependency>
			<groupId>io.rest-assured</groupId>
			<artifactId>xml-path</artifactId>
			<version>4.4.0</version>
		</dependency>
		<!-- https://mvnrepository.com/artifact/io.rest-assured/rest-assured -->
		<dependency>
			<groupId>io.rest-assured</groupId>
			<artifactId>rest-assured</artifactId>
			<version>4.4.0</version>
		</dependency>
	</dependencies>
</project>
